"","STAT_ID","HCO3_start","HCO3_end","HCO3_avg","duration","HCO3_dif","HCO3_slope","HCO3_rc","STATION_NAME","STATION_ID_ORIG","Country","State","Latitude","Longitude","CoordinateSystem"
"1",100001,327.777,655.554,650.0909375,16.241095890411,327.777,20.1819509109312,100,"ST. JOHN RIVER AT VAN BUREN, ME","1015000","USA","ME",47.15,-67.93,"NA1983"
"2",100010,147.5,65.555,91.439380952381,30.7452054794521,-81.945,-2.66529361967564,-55.5559322033898,"WILD RIVER AT GILEAD, ME","1054200","USA","ME",44.39,-70.97,"NA1983"
"3",100029,229.444,147.5,198.549965517241,22.013698630137,-81.944,-3.72240945861854,-35.7141611896585,"MERRIMACK RIVER ABOVE LOWELL, MA","1096550","USA","MA",42.63,-71.37,"NA1983"
"4",100052,344.166,442.499,291.885354545455,27.2383561643836,98.333,3.61009303962985,28.5713870632195,"SHETUCKET R AT SOUTH WINDHAM, CT","1122610","USA","CONNECTICUT",41.68,-72.16,"NA1983"
"5",100056,147.5,475.277,304.559424242424,28.7342465753425,327.777,11.4071896453089,222.221694915254,"QUINEBAUG RIVER AT JEWETT CITY, CT.","1127000","USA","CONNECTICUT",41.59,-71.98,"NA1983"
"6",100098,393.332,653.915,501.6460234375,33.6109589041096,260.583,7.75291775350505,66.2501398309825,"CONNECTICUT RIVER AT THOMPSONVILLE, CT.","1184000","USA","CONNECTICUT",41.98,-72.6,"NA1983"
"7",100134,1065.275,2212.494,1539.38103968254,22.6876712328767,1147.219,50.5657450790967,107.692286029429,"HOUSATONIC R AT STEVENSON, CT","1205500","USA","CT",41.38,-73.16,"NA1983"
"8",100145,147.5,344.166,263.610423728814,24.3369863013699,196.666,8.08095125520657,133.332881355932,"PECONIC RIVER AT RIVERHEAD NY","1304500","USA","NEW YORK",40.91,-72.68,"NA1983"
"9",100198,1606.107,1573.329,982.541024096386,21.4630136986301,-32.778,-1.52718534592801,-2.0408353864344,"HUDSON RIVER AT GREEN ISLAND NY","1358000","USA","NY",42.75,-73.68,"NA1983"
"10",100206,278.61,327.777,221.148265432099,28.9780821917808,49.167,1.69669613311903,17.647248842468,"ESOPUS CREEK AT SHANDAKEN NY","1362198","USA","NY",42.11,-74.38,"NA1983"
"11",100259,475.277,1204.58,896.170808139535,29.958904109589,729.303,24.3434471879287,153.447989277832,"RARITAN RIVER AT QUEENS BRIDGE AT BOUND BROOK NJ","1403300","USA","NEW JERSEY",40.55,-74.52,"NA1983"
"12",100350,852.22,1268.497,742.204125,33.1753424657534,416.277,12.5477830539268,48.8461899509516,"DELAWARE RIVER AT TRENTON NJ","1463500","USA","NEW JERSEY",40.22,-74.77,"NA1983"
"13",100430,196.666,229.444,378.751944827586,21.572602739726,32.778,1.51942722885446,16.6668361587666,"CHOPTANK R NR GREENSBORO, MD","1491000","USA","MD",38.99,-75.78,"NA1983"
"14",100443,147.5,180.277,148.377934640523,27.8,32.777,1.17902877697842,22.2216949152542,"YOUNG WOMANS CREEK NEAR RENOVO, PA.","1545600","USA","PA",41.38,-77.69,"NA1983"
"15",100461,540.832,458.888,800.088549618321,22.4438356164384,-81.944,-3.6510693359375,-15.1514703271996,"SUSQUEHANNA RIVER AT HARRISBURG, PA","1570500","USA","PENNSYLVANIA",40.25,-76.88,"NA1983"
"16",100603,311.388,376.944,382.18799,21.3342465753425,65.556,3.07280595864903,21.0528344059501,"RAPPAHANNOCK RIVER NEAR FREDERICKSBURG, VA","1668000","USA","VA",38.32,-77.51,"NA1983"
"17",100604,327.777,360.555,400.569038961039,21.3287671232877,32.778,1.53679768786127,10.0000915256409,"PAMUNKEY RIVER NEAR HANOVER, VA","1673000","USA","VA",37.76,-77.33,"NA1983"
"18",100607,278.61,311.388,250.8206,27.7561643835616,32.778,1.18092685815813,11.7648325616453,"HOLIDAY CREEK NEAR ANDERSONVILLE, VA","2038850","USA","VA",37.41,-78.63,"NA1983"
"19",100608,442.499,458.888,493.643482758621,16.3452054794521,16.389,1.002679349648,3.70373718358685,"APPOMATTOX RIVER AT MATOACA, VA","2041650","USA","VA",37.22,-77.47,"NA1983"
"20",100615,360.555,589.999,489.126338028169,20.641095890411,229.444,11.1158826652509,63.6363384227094,"MEHERRIN RIVER AT EMPORIA, VA","2052000","USA","VA",36.69,-77.54,"NA1983"
"21",100627,622.776,557.221,575.233837837838,19.1561643835616,-65.5549999999999,-3.42213601258581,-10.5262566315979,"ROANOKE RIVER AT ROANOKE RAPIDS, NC","2080500","USA","NORTH CAROLINA",36.46,-77.63,"NA1983"
"22",100633,245.833,245.833,438.080259668508,24.0712328767123,0,0,0,"TAR RIVER AT TARBORO, NC","2083500","USA","NORTH CAROLINA",35.89,-77.53,"NA1983"
"23",100654,196.666,290.083,278.628849557522,27.3917808219178,93.417,3.4104025805161,47.500330509595,"CONTENTNEA CREEK AT HOOKERTON, NC","2091500","USA","NORTH CAROLINA",35.42,-77.58,"NA1983"
"24",100663,229.444,442.499,316.964888888889,22.5945205479452,213.055,9.42949860555354,92.8570805948293,"CAPE FEAR R AT LOCK # 1 NR KELLY, NC","2105769","USA","NC",34.4,-78.29,"NA1983"
"25",100664,311.388,294.999,348.156130434783,19.558904109589,-16.389,-0.837930382406497,-5.26320860148752,"YADKIN RIVER AT YADKIN COLLEGE N C","2116500","USA","NC",35.85,-80.38,"NA1983"
"26",100665,639.165,229.444,863.28255,22.5287671232877,-409.721,-18.1865699866229,-64.1025400326989,"ROCKY RIVER NEAR NORWOOD, N. C.","2126000","USA","NC",35.14,-80.17,"NA1983"
"27",100668,344.166,213.055,245.170515151515,19.9479452054795,-131.111,-6.57265691525889,-38.0952796034472,"LYNCHES RIVER AT EFFINGHAM, S. C.","2132000","USA","SC",34.05,-79.75,"NA1983"
"28",100669,49.167,32.778,47.00425,25.1643835616438,-16.389,-0.651277626565052,-33.3333333333333,"SCAPE ORE SWAMP NEAR BISHOPVILLE, S. C.","2135300","USA","SC",34.15,-80.3,"NA1983"
"29",100670,573.61,934.164,259.880252747253,18.9178082191781,360.554,19.0589732078204,62.8569934275902,"BLACK RIVER AT KINGSTREE, S.C.","2136000","USA","SC",33.66,-79.83,"NA1983"
"30",100679,311.388,426.11,396.808787878788,19.8821917808219,114.722,5.77008819071242,36.8421390676584,"CONGAREE RIVER AT COLUMBIA, SC","2169500","USA","SOUTH CAROLINA",33.99,-81.05,"NA1983"
"31",100694,49.167,16.389,49.7318362068966,25.9232876712329,-32.778,-1.26442295497781,-66.6666666666667,"UPPER THREE RUNS NEAR NEW ELLENTON, SC","2197300","USA","SC",33.37,-81.62,"NA1983"
"32",100704,1278.33,1311.108,1035.25594059406,26.7150684931507,32.778,1.22694800533279,2.56412663396776,"FALLING CREEK NEAR JULIETTE, GA","2212600","USA","GEORGIA",33.09,-83.72,"NA1983"
"33",100775,3359.714,2294.439,2974.39377777778,20.2630136986301,-1065.275,-52.5723871011358,-31.7073119914374,"TAMIAMI CANAL OUTLETS, 40-MILE BEND TO MONROE, F","2288900","USA","FL",25.85,-80.98,"NA1983"
"34",100825,950.553,301.555,685.204083333333,16.4712328767123,-648.998,-39.4019078509647,-68.2758352243378,"AUCILLA RIVER NR SCANLON, FLA.","2326512","USA","FLORIDA",30.23,-83.91,"NA1983"
"35",100829,0,1884.718,506.37696875,32.1424657534247,1884.718,58.6363851005796,Inf,"SOPCHOPPY RIVER NR SOPCHOPPY, FLA.","2327100","USA","FLORIDA",30.12,-84.49,"NA1983"
"36",100833,147.5,399.888,355.962234042553,24.2958904109589,252.388,10.3880942715381,171.110508474576,"OCHLOCKONEE RIVER NR HAVANA, FLA.","2329000","USA","FLORIDA",30.55,-84.38,"NA1983"
"37",100980,278.61,983.331,707.388395348837,22.6219178082192,704.721,31.1521333414073,252.941746527404,"APALACHICOLA RIVER AT CHATTAHOOCHEE FLA","2358000","USA","FLORIDA",30.7,-84.85,"NA1983"
"38",100982,1147.219,1966.662,1665.39020987654,21.6356164383562,819.443,37.8747239458022,71.4286461434129,"CHIPOLA RIVER NR ALTHA, FLA.","2359000","USA","FLORIDA",30.53,-85.16,"NA1983"
"39",100986,1081.664,884.998,614.581828947368,19.8301369863014,-196.666,-9.91753108593534,-18.1818013726998,"CHOCTAWHATCHEE RIVER NR BRUCE, FLA.","2366500","USA","FL",30.45,-85.89,"NA1983"
"40",100987,524.443,540.832,354.484691358025,20.5808219178082,16.389,0.796323881789138,3.12502979351426,"YELLOW RIVER AT MILLIGAN, FLA.","2368000","USA","FL",30.75,-86.62,"NA1983"
"41",100988,98.333,49.167,36.594397260274,31.8219178082192,-49.166,-1.54503572965992,-49.9994915237001,"BLACKWATER RIVER NEAR BRADLEY AL","2369800","USA","AL",31.02,-86.7,"NA1983"
"42",100989,491.665,655.554,448.02538372093,21.6,163.889,7.5874537037037,33.3334689270133,"ESCAMBIA RIVER NEAR CENTURY, FL","2375500","USA","FL",30.96,-87.23,"NA1983"
"43",100990,81.944,8.194,40.4029052631579,21.6712328767123,-73.75,-3.40312895069532,-90.0004881382407,"PERDIDO RIVER AT BARRINEAU PARK, FL","2376500","USA","AL",30.69,-87.44,"NA1983"
"44",101016,540.832,2163.328,1540.16435454545,28.6821917808219,1622.496,56.5680618970293,300,"CAHABA RIVER AT CENTREVILLE AL","2424000","USA","ALABAMA",32.94,-87.13,"NA1983"
"45",101017,622.776,966.942,823.883985507246,31.7287671232877,344.166,10.8471280545721,55.2632086014875,"ALABAMA RIVER AT CLAIBORNE AL","2429500","USA","ALABAMA",31.54,-87.51,"NA1983"
"46",101019,819.442,901.387,753.793897727273,21.4575342465753,81.9449999999999,3.8189383299285,10.0000976274099,"TOMBIGBEE RIVER AT GAINESVILLE, AL","2449000","USA","AL",32.82,-88.15,"NA1983"
"47",101020,1278.33,311.388,653.620404494382,28.9561643835616,-966.942,-33.3933040022708,-75.6410316584919,"SIPSEY FORK NEAR GRAYSON AL","2450250","USA","AL",34.28,-87.39,"NA1983"
"48",101027,327.777,819.442,540.38295890411,15.4986301369863,491.665,31.7231262153085,149.999847457265,"BLACK WARRIOR RIVER BELOW SELDEN DAM NR EUTAW, A","2466031","USA","AL",32.77,-87.84,"NA1983"
"49",101028,655.554,1245.552,753.398055248619,33.7315068493151,589.998,17.4910063352826,89.9999084743591,"TOMBIGBEE R BL COFFEEVILLE L&D NEAR COFFEEVILLE","2469762","USA","ALABAMA",31.75,-88.12,"NA1983"
"50",101031,32.778,229.444,44.2500142857143,19.0767123287671,196.666,10.30921872756,599.993898346452,"ESCATAWPA RIVER NEAR AGRICOLA MS","2479560","USA","MS",30.8,-88.46,"NA1983"
"51",101033,65.555,393.332,256.802685483871,21.5698630136986,327.777,15.1960631271434,500.003050873312,"PEARL RIVER NEAR BOGALUSA, LA","2489500","USA","LA",30.79,-89.82,"NA1983"
"52",101137,491.665,901.387,719.3168125,17.5287671232877,409.722,23.3742622694592,83.3335706222733,"OHIO RIVER AT BENWOOD NEAR WHEELING, WV","3112510","USA","WV",40.01,-80.73,"NA1983"
"53",101138,1802.773,1638.885,1978.59710869565,21.7780821917808,-163.888,-7.52536419675431,-9.09088387722691,"MUSKINGUM R AT MCCONNELSVILLE OH","3150000","USA","OH",39.64,-81.84,"NA1983"
"54",101139,426.11,786.665,559.604654545455,16.6465753424658,360.555,21.6594099736669,84.6154748773791,"LITTLE KANAWHA RIVER AT PALESTINE, WV","3155000","USA","WV",39.05,-81.39,"NA1983"
"55",101140,1573.329,1606.107,1600.00891860465,20.1452054794521,32.778,1.62708690330477,2.08335319567618,"HOCKING R BL ATHENS OH","3159510","USA","OH",39.32,-82,"NA1983"
"56",101143,1196.386,1199.664,974.097396907217,25.7013698630137,3.27800000000002,0.127541839889138,0.273991838754384,"NEW RIVER AT GLEN LYN, VA","3176500","USA","VIRGINIA",37.37,-80.86,"NA1983"
"57",101154,606.387,671.943,738.777541935484,26.0712328767123,65.556,2.51449558638083,10.8109177802295,"KANAWHA RIVER AT WINFIELD, WV","3201300","USA","WEST VIRGINIA",38.52,-81.91,"NA1983"
"58",101155,1343.885,1360.274,1329.57416901408,19.0931506849315,16.3889999999999,0.858370641411962,1.21952399200824,"GUYANDOTTE RIVER AT BRANCHLAND, WV","3204000","USA","WV",38.22,-82.2,"NA1983"
"59",101160,262.222,458.888,263.67539516129,30.9260273972603,196.666,6.35923901488306,74.9998093218723,"UPPER TWIN C AT MCGAW OH","3237280","USA","OH",38.64,-83.21,"NA1983"
"60",101164,1606.107,2359.994,1669.72168421053,19.827397260274,753.887,38.0224892911427,46.9387780515246,"LICKING RIVER AT BUTLER,KY.","3254000","USA","KY",38.78,-84.35,"NA1983"
"61",101171,4097.212,4113.601,4174.93738613861,20.6684931506849,16.3889999999992,0.792946049840895,0.400003709839745,"G MIAMI R AT NEW BALTIMORE OH","3274600","USA","OH",39.26,-84.66,"NA1983"
"62",101174,3933.324,3966.101,3371.04821495327,24.5890410958904,32.777,1.3329922005571,0.833315536680935,"SOUTH HOGAN CREEK NEAR DILLSBORO, IND.","3276700","USA","IN",39.02,-85.03,"NA1983"
"63",101176,1638.885,1016.109,1629.70236879433,22.3397260273973,-622.776,-27.8775128771155,-37.9999816948718,"KENTUCKY RIVER AT LOCK 2,AT LOCKPORT,KY.","3290500","USA","KY",38.43,-84.96,"NA1983"
"64",101178,3441.658,2294.439,2910.99134177215,19.8547945205479,-1147.219,-57.7804519111356,-33.3333236480789,"ROLLING FORK NR LEBANON JUNCTION,KY.","3301630","USA","KY",37.82,-85.74,"NA1983"
"65",101180,2130.55,1983.051,1905.60009677419,21.5753424657534,-147.499,-6.8364615873016,-6.92304803923871,"GREEN RIVER AT MUNFORDVILLE, KY.","3308500","USA","KY",37.26,-85.88,"NA1983"
"66",101202,3277.77,2687.771,2963.51619536424,34.5972602739726,-589.999,-17.0533445517897,-18.0000122034188,"WHITE RIVER AT HAZLETON, IN","3374100","USA","INDIANA",38.48,-87.55,"NA1983"
"67",101215,147.5,131.111,101.712683615819,32.8657534246575,-16.389,-0.498664971657219,-11.111186440678,"CATALOOCHEE CREEK NEAR CATALOOCHEE N C","3460000","USA","NC",35.66,-83.07,"NA1983"
"68",101245,1802.773,2245.272,2133.623125,16.4876712328767,442.499,26.8381746427385,24.5454641266538,"HOLSTON RIVER NEAR KNOXVILLE, TENN.","3495500","USA","TN",36.01,-83.83,"NA1983"
"69",101333,737.498,557.221,623.833548387097,18.8356164383562,-180.277,-9.57106981818182,-24.4444052729635,"BAPTISM RIVER NEAR BEAVER BAY, MN","4014500","USA","MN",47.33,-91.2,"NA1983"
"70",101334,1065.275,852.22,1187.53214942529,21.227397260274,-213.055,-10.0367933660299,-20,"ST. LOUIS RIVER AT SCANLON, MN","4024000","USA","MN",46.7,-92.41,"NA1983"
"71",101336,1261.941,1442.219,1104.47548648649,18.9287671232877,180.278,9.52402228976697,14.2857708878624,"BAD RIVER NEAR ODANAH, WI","4027000","USA","WI",46.48,-90.69,"NA1983"
"72",101338,1245.552,1360.274,1182.20053781513,20.9178082191781,114.722,5.48441781270465,9.21053476691459,"ONTONAGON R NR ROCKLAND, MICH","4040000","USA","MI",46.72,-89.2,"NA1983"
"73",101340,1114.442,1098.053,1155.77003478261,18.7424657534247,-16.3889999999999,-0.874431369682789,-1.47060143103005,"TAHQUAMENON RIVER NEAR PARADISE, MI","4045500","USA","MI",46.57,-85.26,"NA1983"
"74",101350,1638.885,1753.607,1729.39595454545,19.7698630136986,114.722,5.8028727827051,7.0000030508547,"ESCANABA RIVER AT CORNELL, MICH.               .","4059000","USA","MI",45.9,-87.21,"NA1983"
"75",101352,3113.881,3523.602,3030.92162831858,18.6575342465753,409.721,21.9600829662261,13.1578888210564,"FORD RIVER NR HYDE, MICH.","4059500","USA","MI",45.75,-87.2,"NA1983"
"76",101368,2294.439,1376.663,1557.25269444444,42.8219178082192,-917.776,-21.4323889955214,-40.0000174334554,"POPPLE RIVER NEAR FENCE, WI","4063700","USA","WISCONSIN",45.76,-88.46,"NA1983"
"77",101372,1802.773,2114.161,1941.29807142857,17.6054794520548,311.388,17.6869934640523,17.2727237428118,"MENOMINEE RIVER NEAR MC ALLISTER, WI","4067500","USA","WISCONSIN",45.32,-87.66,"NA1983"
"78",101456,3277.77,2458.327,3048.32576315789,19.8684931506849,-819.443,-41.2433390788748,-25.0000152542735,"FOX RIVER AT WRIGHTSTOWN, WI","4085000","USA","WI",44.32,-88.16,"NA1983"
"79",101515,4424.989,4457.767,4042.93722077922,16.6191780821918,32.7780000000002,1.97229970326411,0.740747604118344,"ST. JOSEPH RIVER AT NILES, MICH.               .","4101500","USA","MI",41.82,-86.25,"NA1983"
"80",101518,4916.655,3441.658,3934.72831428571,15.4246575342466,-1474.997,-95.6259156305506,-30.0000101695157,"GRAND RIVER AT EASTMANVILLE, MICH.             .","4119300","USA","MI",43.01,-85.95,"NA1983"
"81",101519,3113.881,2999.159,2877.28581818182,16.8246575342466,-114.722,-6.81868262497963,-3.68421272360761,"MUSKEGON R NR BRIDGETON, MICH.                 .","4122030","USA","MI",43.31,-86.03,"NA1983"
"82",101520,2949.993,2753.326,2870.93385915493,20.8164383561644,-196.667,-9.4476776783364,-6.66669378537508,"MANISTEE R AT MANISTEE, MICH.                  .","4126520","USA","MI",44.25,-86.31,"NA1983"
"83",101524,3113.881,2638.605,2795.59246315789,16.6027397260274,-475.276,-28.6263597359736,-15.26313947129,"AU SABLE R NEAR AU SABLE, MI","4137500","USA","MI",44.43,-83.44,"NA1983"
"84",101525,3769.435,3425.269,3464.65747058824,17.8493150684932,-344.166,-19.2817482732157,-9.13043997309942,"RIFLE RIVER NEAR STERLING, MICH.","4142000","USA","MI",44.07,-84.02,"NA1983"
"85",101527,3933.324,3671.102,3699.92611403509,19.8630136986301,-262.222,-13.2015213793104,-6.66667683618233,"SAGINAW RIVER AT SAGINAW, MICH.","4157000","USA","MI",43.41,-83.96,"NA1983"
"86",101528,6391.651,4162.768,4807.54508219178,15.6493150684932,-2228.883,-142.42687237395,-34.8717882124665,"PIGEON R NEAR CASEVILLE, MI","4159010","USA","MI",43.93,-83.24,"NA1983"
"87",101547,4097.212,4392.211,3759.12139655172,21.8465753424658,294.999,13.5032148231753,7.19999355659409,"CLINTON RIVER AT MOUNT CLEMENS, MICH.          .","4165500","USA","MI",42.59,-82.9,"NA1983"
"88",101550,4916.655,4162.768,4195.54517142857,16.6082191780822,-753.887,-45.3924043220059,-15.3333312994302,"RIVER RAISIN NEAR MONROE, MI","4176500","USA","MI",41.96,-83.53,"NA1983"
"89",101555,2458.327,2379.661,2802.90962916667,34.7013698630137,-78.6660000000002,-2.26694220748461,-3.19998112537511,"MAUMEE RIVER AT WATERVILLE OH","4193500","USA","OHIO",41.5,-83.71,"NA1983"
"90",101557,1573.329,3015.548,2342.77754545455,22.6684931506849,1442.219,63.6221821368141,91.6667143362895,"CUYAHOGA R AT INDEPENDENCE OH","4208000","USA","OH",41.39,-81.63,"NA1983"
"91",101560,753.887,622.776,1293.70733333333,21.2027397260274,-131.111,-6.18368200025843,-17.3913331838856,"GRAND R AT PAINESVILLE OH","4212200","USA","OH",41.73,-81.26,"NA1983"
"92",101563,1802.773,1442.219,1776.33252,22.2712328767123,-360.554,-16.1892249969246,-19.9999667179395,"NIAGARA RIVER (LAKE ONTARIO) AT FORT NIAGARA NY","4219640","USA","NY",43.26,-79.06,"NA1983"
"93",101564,1524.163,2556.66,2380.35601515152,20.0958904109589,1032.497,51.37851465576,67.7419016207584,"GENESEE R AT CHARLOTTE DOCKS AT ROCHESTER NY","4232006","USA","NY",43.22,-77.61,"NA1983"
"94",101565,2130.55,2638.605,2308.39136486486,19.7287671232877,508.055,25.7519893070407,23.8461899509516,"OSWEGO RIVER AT LOCK 7, OSWEGO NY","4249000","USA","NY",43.45,-76.5,"NA1983"
"95",101567,475.277,606.387,570.629872727273,21.4657534246575,131.11,6.1078685386088,27.5860182588259,"BLACK RIVER AT WATERTOWN NY","4260500","USA","NY",43.98,-75.92,"NA1983"
"96",101569,1802.773,1999.439,1805.33395833333,21.6904109589041,196.666,9.06695591764558,10.9090828407126,"ST. LAWRENCE R AT CORNWALL ONT NR MASSENA NY","4264331","USA","NY",45,-74.79,"NA1983"
"97",101571,491.665,458.888,454.853553846154,17.7780821917808,-32.777,-1.84367468022808,-6.6665310729867,"ST. REGIS RIVER AT BRASHER CENTER NY","4269000","USA","NY",44.86,-74.77,"NA1983"
"98",101572,803.054,999.72,902.336768115942,21.1671232876712,196.666,9.29110665286047,24.4897603399024,"RICHELIEU R (L CHAMPLAIN) AT ROUSES POINT NY","4295000","USA","NY",44.99,-73.36,"NA1983"
"99",101573,721.109,2245.272,1469.26025,16.8958904109589,1524.163,90.2090959948111,211.363746673526,"BLACK RIVER AT COVENTRY, VT","4296000","USA","VT",44.86,-72.27,"NA1983"
"100",101576,1802.773,1983.051,1988.51357777778,15.627397260274,180.278,11.5360220897616,10.0000388290705,"ST MARY RIVER AT INTERNATIONAL BOUNDARY","5020500","USA","MT",49,-113.31,"NA1983"
"101",101587,6227.762,5637.764,4890.45463265306,23.3643835616438,-589.998,-25.2520250938086,-9.47367609744881,"SHEYENNE RIVER NEAR KINDRED, ND","5059000","USA","NORTH DAKOTA",46.63,-97,"NA1983"
"102",101593,4916.655,4129.99,4431.76301333333,22.1397260273973,-786.665,-35.5318308377676,-16.0000040678063,"RED RIVER OF THE NORTH AT HALSTAD, MN","5064500","USA","NORTH DAKOTA",47.35,-96.84,"NA1983"
"103",101594,1589.718,5326.375,4672.13278,30.4383561643836,3736.657,122.76145859586,235.051562604185,"BEAVER CR NR FINLEY ND","5064900","USA","ND",47.59,-97.7,"NA1983"
"104",101621,4097.212,2917.215,4186.71117073171,22.6191780821918,-1179.997,-52.1679875242248,-28.7999986332169,"RED RIVER OF THE NORTH AT EMERSON, MAN","5102500","USA","MINNESOTA",49,-97.21,"NA1983"
"105",101622,8030.536,3654.713,4542.55986915888,22.4547945205479,-4375.823,-194.872546974134,-54.4897999336533,"ROSEAU RIVER BELOW STATE DITCH 51 NR CARIBOU, MN","5112000","USA","MINNESOTA",48.98,-96.46,"NA1983"
"106",101624,213.055,245.833,216.136623931624,28.8191780821918,32.778,1.13736762049624,15.3847598038065,"KAWISHIWI RIVER NEAR ELY, MN","5124480","USA","MN",47.92,-91.53,"NA1983"
"107",101627,524.443,573.61,632.44831147541,16.8356164383562,49.167,2.92041578519121,9.37508938054279,"RAINY RIVER AT MANITOU RAPIDS, MN","5133500","USA","MN",48.63,-93.91,"NA1983"
"108",101647,3113.881,3687.491,2802.33990654206,23.5506849315069,573.61,24.3564041414611,18.4210636180381,"MISSISSIPPI RIVER NEAR ROYALTON, MN","5267000","USA","MINNESOTA",45.86,-94.35,"NA1983"
"109",101708,6555.539,4490.544,5117.71475362319,25.6630136986301,-2064.995,-80.465802818405,-31.5000032796693,"MINNESOTA RIVER NEAR JORDAN, MN","5330000","USA","MINNESOTA",44.69,-93.64,"NA1983"
"110",101731,1638.885,1458.608,1465.23430434783,25.0219178082192,-180.277,-7.20476349501807,-10.9999786440171,"ST. CROIX RIVER AT ST. CROIX FALLS, WI","5340500","USA","WISCONSIN",45.4,-92.64,"NA1983"
"111",101749,1261.941,1179.997,992.819210526316,19.8657534246575,-81.944,-4.12488760171011,-6.49348899829706,"CHIPPEWA RIVER AT DURAND, WI","5369500","USA","WI",44.62,-91.96,"NA1983"
"112",101750,4916.655,6162.207,4891.29822641509,26.0547945205479,1245.552,47.8050977917981,25.3333211299146,"NORTH FORK WHITEWATER RIVER NEAR ELBA, MN","5376000","USA","MN",44.09,-92.06,"NA1983"
"113",101753,2130.55,2491.105,2282.47927027027,19.8246575342466,360.555,18.1871994195688,16.9230949754758,"TENMILE CREEK NEAR NEKOOSA, WI","5401050","USA","WI",44.26,-89.81,"NA1983"
"114",101763,5080.543,3916.935,4485.68840740741,19.5041095890411,-1163.608,-59.6596319707824,-22.9032211714378,"ROCK RIVER NEAR JOSLIN, IL","5446500","USA","IL",41.55,-90.18,"NA1983"
"115",101791,2786.104,3130.27,3577.23852066116,21.5342465753425,344.166,15.9822633587786,12.3529487772172,"Cedar River at Cedar Falls, IA","5463050","USA","IA",42.53,-92.44,"NA1983"
"116",101798,4097.212,2484.55,3159.96884466019,28.8383561643836,-1612.662,-55.9207324719742,-39.3599843015202,"IOWA RIVER AT WAPELLO, IA","5465500","USA","IOWA",41.18,-91.18,"NA1983"
"117",101804,4261.1,4834.71,3367.2254375,22.0109589041096,573.61,26.0602003983072,13.4615474877379,"SKUNK RIVER AT AUGUSTA, IA","5474000","USA","IOWA",40.75,-91.27,"NA1983"
"118",101807,2949.993,3966.101,3394.37406756757,20.6547945205479,1016.108,49.1947764955564,34.4444207155746,"DES MOINES RIVER AT ST. FRANCISVILLE, MO.","5490600","USA","MO",40.46,-91.56,"NA1983"
"119",101808,983.331,1474.996,1915.55674193548,17.2356164383562,491.665,28.5261047528215,49.9999491524217,"SALT RIVER NEAR NEW LONDON, MO","5508000","USA","MO",39.61,-91.4,"NA1983"
"120",101809,1966.662,3539.991,2705.43697402597,21.6904109589041,1573.329,72.5356934444865,79.999969491453,"CUIVRE RIVER NEAR TROY, MO","5514500","USA","MO",39.01,-90.98,"NA1983"
"121",101844,2949.993,2966.382,3375.86346715328,22.2246575342466,16.3890000000001,0.737424186390538,0.555560640313388,"ILLINOIS RIVER AT MARSEILLES, IL","5543500","USA","ILLINOIS",41.32,-88.71,"NA1983"
"122",101892,3933.324,2720.549,3691.67388953488,31.7917808219178,-1212.775,-38.1474383833161,-30.8333358757122,"ILLINOIS RIVER AT VALLEY CITY, IL","5586100","USA","ILLINOIS",39.7,-90.64,"NA1983"
"123",101898,2622.216,2687.771,3034.81220175439,15.3506849315068,65.5550000000003,4.27049348563272,2.49998474572653,"MISSISSIPPI RIVER BELOW ALTON,ILL","5587550","USA","IL",38.86,-90.13,"NA1983"
"124",101905,2622.216,2755.375,2743.93291463415,16.9397260273973,133.159,7.86075287077471,5.0781095073785,"MISSOURI RIVER AT VIRGELLE, MT.","6109500","USA","MT",48,-110.25,"NA1983"
"125",101906,2622.216,2540.271,2860.40037333333,18.1753424657534,-81.9449999999997,-4.50858079589989,-3.12502860176277,"MISSOURI RIVER NEAR LANDUSKY, MT.","6115200","USA","MT",47.63,-108.68,"NA1983"
"126",101907,4916.655,4097.212,5103.64526506024,20.8465753424658,-819.442999999999,-39.3082790116966,-16.6666768361823,"MUSSELSHELL RIVER AT MOSBY, MT.","6130500","USA","MT",46.99,-107.89,"NA1983"
"127",101909,5899.985,7899.424,7000.7695,31.3178082191781,1999.439,63.843516315283,33.888882768346,"ROCK CREEK BELOW HORSE CREEK, NEAR INT BOUNDARY","6169500","USA","MT",48.96,-106.83,"NA1983"
"128",101910,3933.324,4834.71,4622.8804953271,21.3150684931507,901.386,42.2886748071979,22.9166475988248,"MILK RIVER AT NASHUA MT","6174500","USA","MT",48.12,-106.36,"NA1983"
"129",101911,10488.863,8292.757,9205.411075,19.0958904109589,-2196.106,-115.004116212339,-20.9375029495571,"POPLAR RIVER NEAR POPLAR MT","6181000","USA","MT",48.17,-105.17,"NA1983"
"130",101915,1802.773,1491.385,1480.77369064748,21.6383561643836,-311.388,-14.3905571030641,-17.2727237428118,"YELLOWSTONE RIVER NEAR LIVINGSTON, MT","6192500","USA","MONTANA",45.59,-110.56,"NA1983"
"131",101920,3769.435,1999.439,2911.752,22.5945205479452,-1769.996,-78.3374002667637,-46.9565332735543,"WIND R AT RIVERTON, WY","6228000","USA","WY",43.01,-108.37,"NA1983"
"132",101927,3277.77,2966.382,3258.10296190476,19.6575342465753,-311.388,-15.840643902439,-9.49999542371795,"BIGHORN RIVER AT BIGHORN, MT.","6294700","USA","MT",46.14,-107.46,"NA1983"
"133",101932,6063.874,5719.708,4506.9332244898,21.7150684931507,-344.166,-15.849178652536,-5.67567861733275,"TONGUE RIVER AT MILES CITY, MT","6308500","USA","MONTANA",46.34,-105.8,"NA1983"
"134",101938,3113.881,3281.047,2837.85287124464,34.6493150684932,167.166,4.82451095121373,5.36841324379449,"YELLOWSTONE RIVER NEAR SIDNEY, MT.","6329500","USA","MONTANA",47.67,-104.15,"NA1983"
"135",101939,14749.963,16192.183,12217.933566474,28.4657534246575,1442.22,50.6650914340713,9.77778723919512,"BEAR DEN CREEK NR MANDAREE, ND","6332515","USA","ND",47.78,-102.76,"NA1983"
"136",101940,6391.651,2081.384,5463.08760759494,19.9479452054795,-4310.267,-216.07573890949,-67.4358941062333,"LITTLE MISSOURI RIVER NR WATFORD CITY, ND","6337000","USA","ND",47.59,-103.25,"NA1983"
"137",101941,2949.993,3064.715,3017.39646616541,22.3095890410959,114.722,5.14227311801548,3.88889058380817,"MISSOURI RIVER AT GARRISON DAM, ND","6338490","USA","ND",47.5,-101.43,"NA1983"
"138",101946,4097.212,3982.49,3821.18926315789,17.7561643835616,-114.722000000001,-6.46096744329583,-2.80000156203781,"MOREAU R NEAR WHITEHORSE SD","6360500","USA","SD",45.25,-100.84,"NA1983"
"139",101947,5408.32,5129.709,4889.52498305085,30.6849315068493,-278.611,-9.07973348214285,-5.1515257972901,"CASTLE CR ABOVE DEERFIELD RES NEAR HILL CITY SD","6409000","USA","SD",44.01,-103.83,"NA1983"
"140",101949,6063.874,2228.883,3518.64058715596,21.5972602739726,-3834.991,-177.568402258024,-63.2432501071098,"BELLE FOURCHE RIVER NEAR ELM SPRINGS","6438000","USA","SD",44.36,-102.56,"NA1983"
"141",101950,4424.989,2359.994,3270.39465,22.5917808219178,-2064.995,-91.4047022798933,-46.6666696798568,"CHEYENNE RIVER AT CHERRY CREEK,SD","6439300","USA","SD",44.59,-101.49,"NA1983"
"142",101956,5408.32,4113.601,4850.32774117647,22.5945205479452,-1294.719,-57.3023444889051,-23.93939337909,"JAMES R NEAR SCOTLAND SD","6478500","USA","SD",43.18,-97.63,"NA1983"
"143",101958,5244.432,4293.878,4312.34155696203,21.386301369863,-950.554,-44.4468626697412,-18.1250133474893,"BIG SIOUX R AT AKRON IA","6485500","USA","IA",42.83,-96.56,"NA1983"
"144",101961,639.165,557.221,551.405438709677,30.9013698630137,-81.944,-2.65179182551645,-12.820476715715,"ENCAMPMENT RIV AB HOG PARK CR NR ENCAMPMENT WYO","6623800","USA","WY",41.02,-106.82,"NA1983"
"145",101962,2622.216,2573.049,2366.13993421053,21.5835616438356,-49.1669999999999,-2.2779836252856,-1.87501716105767,"N PLATTE RIV AB SEMINOE RESERVOIR, NR SINCLAIR,","6630000","USA","WY",41.87,-107.05,"NA1983"
"146",101963,2458.327,2654.993,2456.7595826087,21.9342465753425,196.666,8.9661616287784,7.99999349150864,"NORTH PLATTE RIVER AT ALCOVA, WY","6642000","USA","WY",42.57,-106.69,"NA1983"
"147",101964,5080.543,4326.656,4480.7111,21.5342465753425,-753.887,-35.0087474554707,-14.8387091694726,"NORTH PLATTE RIVER AT LISCO, NEBR.","6686000","USA","NE",41.5,-102.63,"NA1983"
"148",102021,3277.77,2261.661,3350.9387480315,21.5315068493151,-1016.109,-47.1917273189973,-31.0000091525641,"PLATTE RIVER NEAR DUNCAN, NEBR.","6774000","USA","NEBRASKA",41.36,-97.49,"NA1983"
"149",102022,1638.885,1330.775,1581.31462146893,37.7835616438356,-308.11,-8.15460445217895,-18.7999768135043,"DISMAL RIVER NEAR THEDFORD, NEBR.","6775900","USA","NEBRASKA",41.77,-100.52,"NA1983"
"150",102048,3113.881,4170.962,3971.93551152074,34.6493150684932,1057.081,30.507991223215,33.947379492023,"ELKHORN RIVER AT WATERLOO, NEBR.","6800500","USA","NEBRASKA",41.29,-96.28,"NA1983"
"151",102052,3277.77,3871.046,3184.70869205298,32.8904109589041,593.276,18.0379625156185,18.0999887118376,"PLATTE RIVER AT LOUISVILLE, NEBR.","6805500","USA","NEBRASKA",41.01,-96.15,"NA1983"
"152",102054,4752.766,1999.439,4027.025,15.8767123287671,-2753.327,-173.419215703192,-57.9310447852892,"Nishnabotna River above Hamburg, IA","6810000","USA","IA",40.63,-95.62,"NA1983"
"153",102055,3933.324,3916.935,3494.06992079208,21.3287671232877,-16.3890000000001,-0.768398843930642,-0.416670480235041,"MISSOURI RIVER AT ST. JOSEPH, MO.","6818000","USA","MO",39.75,-94.85,"NA1983"
"154",102056,1638.885,2851.659,3031.4166031746,16.2493150684931,1212.774,74.6353920080931,73.9999450846155,"PLATTE RIVER AT SHARPS STATION, MO","6821190","USA","MO",39.4,-94.72,"NA1983"
"155",102057,4424.989,4719.988,4315.33034146341,20.6383561643836,294.999000000001,14.2937256073278,6.66666064028635,"REPUBLICAN R AT CLAY CENTER, KS","6856600","USA","KS",39.35,-97.12,"NA1983"
"156",102058,5080.543,4982.209,4665.50255263158,21.6191780821918,-98.3339999999998,-4.54846153846153,-1.93550177608968,"SF SOLOMON R AT OSBORNE, KS","6874000","USA","KS",39.42,-98.69,"NA1983"
"157",102059,4752.766,3392.492,4098.38260714286,22.4739726027397,-1360.274,-60.5266378154334,-28.6206810939146,"SMOKY HILL R AT ENTERPRISE, KS","6877600","USA","KS",38.9,-97.12,"NA1983"
"158",102060,4588.877,5506.653,5049.92977358491,15.2630136986301,917.776,60.1307197989589,20.0000130750944,"KINGS C NR MANHATTAN, KS","6879650","USA","KS",39.1,-96.59,"NA1983"
"159",102062,3277.77,2949.993,3427.85697744361,17.2465753424658,-327.777,-19.0053383637808,-10,"BIG BLUE R NR MANHATTAN, KS","6887000","USA","KS",39.23,-96.57,"NA1983"
"160",102063,2949.993,1704.44,3428.434,17.9917808219178,-1245.553,-69.2290003045531,-42.2222357815764,"KANSAS R AT DESOTO, KS","6892350","USA","KS",38.98,-94.96,"NA1983"
"161",102064,5736.097,3392.492,4179.59519642857,26.3150684931507,-2343.605,-89.0594299843831,-40.8571368301477,"Elk Creek near Decatur City, IA","6897950","USA","IA",40.72,-93.93,"NA1983"
"162",102065,3933.324,3359.714,3185.01955494506,21.4219178082192,-573.61,-26.776780918276,-14.5833396892806,"GRAND RIVER NEAR SUMNER MO","6902000","USA","MO",39.64,-93.27,"NA1983"
"163",102066,2130.55,2949.993,2270.63176842105,21.4191780821918,819.443,38.2574437196214,38.4615709558565,"CHARITON RIVER NEAR PRAIRIE HILL, MO.","6905500","USA","MO",39.54,-92.78,"NA1983"
"164",102076,1966.662,1524.163,2278.53912686567,19.6191780821918,-442.499,-22.5544106968301,-22.5000025423789,"OSAGE RIVER BELOW ST. THOMAS, MISSOURI","6926510","USA","MO",38.42,-92.2,"NA1983"
"165",102084,3113.881,2949.993,3018.62098214286,16.3561643835616,-163.888,-10.0199530988275,-5.26314268271652,"GASCONADE RIVER ABOVE JEROME, MO","6930800","USA","MO",37.92,-91.97,"NA1983"
"166",102085,1966.662,2310.827,2999.23995073892,21.1095890410959,344.165,16.3037280986373,17.4999567795585,"MISSOURI RIVER AT HERMANN, MO","6934500","USA","MO",38.7,-91.43,"NA1983"
"167",102090,2949.993,3392.492,3019.20936170213,16.4328767123288,442.499,26.9276650550184,15.0000016949193,"MERAMEC RIVER NEAR EUREKA, MO","7019000","USA","MO",38.5,-90.59,"NA1983"
"168",102091,2622.216,2081.384,3089.65808241758,21.2712328767123,-540.832,-25.4255126223596,-20.6249980932158,"MISSISSIPPI RIVER AT THEBES ILL","7022000","USA","IL",37.21,-89.46,"NA1983"
"169",102100,2622.216,2851.659,2171.71294186046,21.1424657534247,229.443,10.8522346766878,8.74996567788467,"MISSISSIPPI RIVER AT MEMPHIS, TENN.","7032000","USA","TN",35.12,-90.07,"NA1983"
"170",102110,2949.993,2605.827,2662.6025,21.4246575342466,-344.166,-16.0640140664962,-11.6666717514245,"ST. FRANCIS RIVER AT PARKIN, ARK.","7047800","USA","AR",35.27,-90.55,"NA1983"
"171",102111,1802.773,2392.772,2144.63888596491,21.427397260274,589.999,27.5347954225802,32.7273039922386,"ST. FRANCIS BAY AT RIVERFRONT, ARK.","7047900","USA","AR",35.25,-90.68,"NA1983"
"172",102136,2949.993,2772.993,2623.76444983819,41.2876712328767,-177,-4.28699402786994,-6.00001423732192,"NORTH SYLAMORE CREEK NEAR FIFTY SIX, AR","7060710","USA","ARKANSAS",35.99,-92.21,"NA1983"
"173",102169,2949.993,1884.717,2220.37773417722,18.5369863013699,-1065.276,-57.467593851611,-36.1111365349002,"ARKANSAS RIVER AT PORTLAND, CO.","7097000","USA","CO",38.38,-105.01,"NA1983"
"174",102170,4916.655,5555.819,4697.85481443299,22.4739726027397,639.164000000001,28.4401877361941,12.999976610114,"ARKANSAS R NR COOLIDGE, KS","7137500","USA","KS",38.02,-102.01,"NA1983"
"175",102173,2458.327,2114.161,3183.91735205993,20.6109589041096,-344.166,-16.6982041738668,-14.0000089491756,"ARKANSAS RIVER AT RALSTON, OK","7152500","USA","OK",36.5,-96.72,"NA1983"
"176",102174,3769.435,2900.826,3538.13697810219,21.3561643835616,-868.609,-40.6725189223861,-23.0434799910331,"CIMARRON RIVER NEAR BUFFALO, OK","7157950","USA","OK",36.85,-99.31,"NA1983"
"177",102175,2294.439,3753.046,3838.99173578595,21.4739726027397,1458.607,67.9244137535085,63.5714002420635,"CIMARRON RIVER AT PERKINS, OK","7161000","USA","OK",35.95,-97.03,"NA1983"
"178",102177,3277.77,1720.829,2734.1069,18.3780821917808,-1556.941,-84.717272659511,-47.5000076271367,"ARKANSAS RIVER AT TULSA, OK","7164500","USA","OK",36.14,-96,"NA1983"
"179",102178,983.331,2704.16,2581.53280392157,20.6082191780822,1720.829,83.5020719223611,174.999974576211,"CANEY RIVER NEAR RAMONA, OK","7175500","USA","OK",36.5,-95.84,"NA1983"
"180",102180,2949.993,3048.326,2881.12457446809,21.558904109589,98.3330000000001,4.56113165586479,3.33332994349478,"NEOSHO R NR PARSONS, KS","7183500","USA","KS",37.31,-95.11,"NA1983"
"181",102187,1409.441,1704.44,1701.65992857143,19.8684931506849,294.999,14.8475779095422,20.9302127581076,"NEOSHO RIVER BLW FT GIBSON LAKE NR FT GIBSON, OK","7193500","USA","OK",35.85,-95.22,"NA1983"
"182",102192,3113.881,3261.381,3104.0855862069,20.0602739726027,147.5,7.35284075389238,4.73685410585697,"CANADIAN RIVER NEAR SANCHEZ, NM","7221500","USA","NM",35.65,-104.37,"NA1983"
"183",102194,3933.324,3195.825,4313.5959453125,21.4575342465753,-737.499,-34.3701653472932,-18.7500190678419,"CANADIAN RIVER NR CANADIAN, TX","7228000","USA","TX",35.93,-100.37,"NA1983"
"184",102195,2294.439,2786.104,4148.5414822335,22.6219178082192,491.665,21.7340105365145,21.4285496367522,"CANADIAN RIVER AT CALVIN, OK","7231500","USA","OK",34.97,-96.24,"NA1983"
"185",102197,5899.985,5621.375,4012.67061748634,21.4301369863014,-278.61,-13.0008501661979,-4.72221539546286,"BEAVER RIVER AT BEAVER, OK","7234000","USA","OK",36.82,-100.51,"NA1983"
"186",102198,5736.097,3081.103,3962.75295698925,20.8767123287671,-2654.994,-127.174909448819,-46.2857235503514,"NORTH CANADIAN RIVER AT WOODWARD, OK","7237500","USA","OK",36.43,-99.27,"NA1983"
"187",102199,1442.219,3113.881,3740.87875757576,22.6219178082192,1671.662,73.8956800290662,115.909026299057,"NORTH CANADIAN RIVER NEAR WETUMKA, OK","7242000","USA","OK",35.26,-96.2,"NA1983"
"188",102200,655.554,4998.599,3395.44796470588,20.613698630137,4343.045,210.687323896863,662.499961864316,"DEEP FORK NEAR BEGGS, OK","7243500","USA","OK",35.67,-96.06,"NA1983"
"189",102203,1311.108,2064.995,1628.18461157025,22.7041095890411,753.887,33.2048696753952,57.4999923728633,"ARKANSAS R @ DAVID D TERRY L&D BL LITTLE ROCK AR","7263620","USA","AR",34.66,-92.15,"NA1983"
"190",102206,2294.439,2687.771,2094.15420779221,18.827397260274,393.332,20.8914697322468,17.1428397094017,"MISSISSIPPI RIV NR ARKANSAS CITY, ARK.","7265450","USA","AR",33.55,-91.23,"NA1983"
"191",102220,1802.773,2638.605,2052.8299072165,21.4219178082192,835.832,39.0176083898197,46.3636852781798,"MISSISSIPPI RIVER AT VICKSBURG, MS","7289000","USA","MS",32.31,-90.9,"NA1983"
"192",102222,245.833,245.833,223.912575,19.7534246575342,0,0,0,"HOMOCHITTO RIVER AT ROSETTA, MS","7292500","USA","MS",31.32,-91.1,"NA1983"
"193",102223,1212.775,3507.214,2579.46221014493,22.6465753424658,2294.439,101.315053834987,189.189173589495,"PDTF RED RIVER NR WAYSIDE, TX","7297910","USA","TX",34.83,-101.41,"NA1983"
"194",102227,1966.662,2523.883,3241.67864620939,20.5671232876712,557.221,27.0928020514187,28.3333384180911,"NORTH FORK RED RIVER NEAR HEADRICK, OK","7305000","USA","OK",34.63,-99.09,"NA1983"
"195",102229,721.109,1524.163,1180.27720512821,30.4904109589041,803.054,26.337919849043,111.363746673526,"BLUE BEAVER CREEK NEAR CACHE, OK","7311200","USA","OK",34.62,-98.56,"NA1983"
"196",102230,2130.55,2294.439,2738.17122580645,21.8191780821918,163.889,7.51123618784529,7.69233296566613,"RED RIVER NEAR GAINESVILLE, TX","7316000","USA","OK",33.72,-97.15,"NA1983"
"197",102231,4424.989,3408.88,3818.21327014218,22.6575342465753,-1016.109,-44.8464068923821,-22.9629723373324,"WASHITA RIVER NEAR DICKSON, OK","7331000","USA","OK",34.23,-96.97,"NA1983"
"198",102233,360.555,294.999,135.72010625,33.1260273972603,-65.556,-1.97898767678438,-18.1819694637434,"KIAMICHI RIVER NEAR BIG CEDAR, OK","7335700","USA","OK",34.63,-94.61,"NA1983"
"199",102235,589.999,458.888,304.157779411765,28.0712328767123,-131.111,-4.67065342572711,-22.2222410546459,"COSSATOT RIVER NEAR VANDERVOORT, ARK.","7340300","USA","AR",34.37,-94.23,"NA1983"
"200",102240,1966.662,1261.941,1245.55247619048,16.7397260273973,-704.721,-42.0987176759411,-35.8333562147436,"TWELVEMILE BAYOU NEAR DIXIE, LA","7348000","USA","LA",32.64,-93.87,"NA1983"
"201",102243,327.777,344.166,324.9089625,20.7397260273973,16.389,0.790222589167768,5.00004576282046,"OUACHITA RIVER AT CAMDEN, ARK","7362000","USA","AR",33.59,-92.81,"NA1983"
"202",102244,294.999,360.555,397.082389830508,18.7534246575342,65.556,3.49568151935719,22.2224482116888,"OUACHITA RIVER AT COLUMBIA, LA.","7367640","USA","LA",32.1,-92.07,"NA1983"
"203",102248,1638.885,4064.435,2943.9073628692,26.9123287671233,2425.55,90.1278377277817,148.000012203419,"TENSAS R @ TENDAL, LA","7369500","USA","LOUISIANA",32.43,-91.36,"NA1983"
"204",102250,262.222,131.111,217.030554455446,30.8520547945205,-131.111,-4.24966832430512,-50,"BIG CREEK AT POLLOCK, LA.","7373000","USA","LA",31.53,-92.4,"NA1983"
"205",102251,1638.885,2671.382,2008.44945023697,22.5890410958904,1032.497,45.7078720436628,62.9999664405983,"MISSISSIPPI RIVER NEAR ST. FRANCISVILLE, LA","7373420","USA","LA",30.75,-91.39,"NA1983"
"206",102255,147.5,113.902,174.016413461538,27.4821917808219,-33.598,-1.22253713488187,-22.7783050847458,"TCHEFUNCTE RIVER NEAR COVINGTON, LA","7375050","USA","LOUISIANA",30.49,-90.16,"NA1983"
"207",102258,262.222,63.917,209.96641025641,26.1753424657534,-198.305,-7.5760231316726,-75.624852224451,"TANGIPAHOA RIVER AT ROBERT, LA","7375500","USA","LOUISIANA",30.5,-90.36,"NA1983"
"208",102262,393.332,344.166,471.5892,22.4821917808219,-49.166,-2.18688642456739,-12.499872880925,"AMITE RIVER AT PORT VINCENT, LA","7380120","USA","LOUISIANA",30.33,-90.85,"NA1983"
"209",102271,2294.439,2015.828,1788.59413483146,18,-278.611,-15.4783888888889,-12.1428811138583,"ATCHAFALAYA RIVER AT MELVILLE, LA.","7381495","USA","LA",30.69,-91.73,"NA1983"
"210",102272,1540.552,2327.216,1782.89744148936,22.4657534246575,786.664,35.0161414634146,51.0637745431508,"LOWER ATCHAFALAYA R @ MORGAN CITY, LA","7381600","USA","LA",29.7,-91.2,"NA1983"
"211",102290,344.166,376.944,355.385073825503,21.641095890411,32.778,1.5146183061147,9.52389254022769,"NECHES RIVER AT EVADALE, TEX.","8041000","USA","TX",30.35,-94.09,"NA1983"
"212",102308,2949.993,2359.994,2734.20621014493,21.4191780821918,-589.999,-27.5453613456127,-20.0000135593542,"TRINITY RIVER AT TRINIDAD, TX","8062700","USA","TX",32.13,-96.1,"NA1983"
"213",102320,1442.219,1704.44,1305.88237681159,21.6630136986301,262.221,12.1045485013279,18.1817740578927,"WEST FORK SAN JACINTO RIVER NR CONROE, TX","8068000","USA","TX",30.24,-95.45,"NA1983"
"214",102324,2294.439,1884.717,2334.01180487805,21.5506849315069,-409.722,-19.0120175438596,-17.8571755448717,"SALT FK BRAZOS R NR ASPERMONT, TX","8082000","USA","TX",33.33,-100.23,"NA1983"
"215",102328,2786.104,4621.655,4149.19275757576,32.1123287671233,1835.551,57.1603203651566,65.8823575860772,"SOUTH FORK ROCKY CREEK NR BRIGGS, TX","8103900","USA","TX",30.91,-98.03,"NA1983"
"216",102330,2130.55,2949.993,2733.53215584416,22.6164383561644,819.443,36.2321859479103,38.4615709558565,"BRAZOS RIVER AT RICHMOND, TX","8114000","USA","TX",29.58,-95.75,"NA1983"
"217",102336,4424.989,4605.266,3735.50321126761,20.6,180.277,8.75131067961165,4.07406662479839,"COLORADO RIVER NR SAN SABA, TX","8147000","USA","TX",31.21,-98.56,"NA1983"
"218",102338,3113.881,3441.658,3348.78800793651,20.6356164383562,327.777,15.8840420870951,10.5263174796982,"COLORADO RIVER AT AUSTIN, TX","8158000","USA","TX",30.24,-97.69,"NA1983"
"219",102339,1966.662,3195.825,3319.60430921053,22.6191780821918,1229.163,54.3416297238372,62.4999618643163,"COLORADO RIVER AT WHARTON, TX","8162000","USA","TX",29.3,-96.1,"NA1983"
"220",102340,3605.546,6162.207,4492.12024038462,20.6246575342466,2556.661,123.961379516472,70.9091216697832,"LAVACA RIVER NR EDNA, TX","8164000","USA","TX",28.95,-96.68,"NA1983"
"221",102356,6063.874,5949.152,4275.66838095238,20.6164383561644,-114.722,-5.56458870431892,-1.89189287244425,"MISSION RIVER AT REFUGIO, TX","8189500","USA","TX",28.29,-97.27,"NA1983"
"222",102364,1393.052,3015.548,1972.84354385965,23.4876712328767,1622.496,69.0786235856759,116.470598369623,"RIO GRANDE NEAR LOBATOS, CO","8251500","USA","COLORADO",37.07,-105.75,"NA1983"
"223",102370,2294.439,1720.829,2044.15392913386,28.7534246575342,-573.61,-19.9492758456408,-25.0000108959096,"RIO GRANDE AT OTOWI BRIDGE, NM","8313000","USA","NEW MEXICO",35.87,-106.14,"NA1983"
"224",102378,3277.77,3179.437,3364.03616483516,23.5123287671233,-98.3330000000001,-4.18218888371009,-2.99999694914531,"RIO GRANDE CONVEYANCE CHANNEL AT SAN MARCIAL, NM","8358300","USA","NEW MEXICO",33.68,-106.99,"NA1983"
"225",102379,3113.881,2491.105,2893.56097938144,23.3616438356164,-622.776,-26.6580555881318,-19.999993577147,"RIO GRANDE FLOODWAY AT SAN MARCIAL, NM","8358400","USA","NEW MEXICO",33.68,-106.99,"NA1983"
"226",102382,5244.432,3028.659,3926.10722857143,34.7342465753425,-2215.773,-63.7921710837671,-42.2500091525641,"RIO GRANDE AT EL PASO, TX","8364000","USA","TEXAS",31.8,-106.54,"NA1983"
"227",102383,4916.655,3802.213,4676.95187022901,20.7150684931507,-1114.442,-53.7986152625314,-22.6666707344729,"RIO GRANDE AT FORT QUITMAN, TEXAS","8370500","USA","TX",31.08,-105.6,"NA1983"
"228",102385,1048.886,835.831,861.084522012579,32.8219178082192,-213.055,-6.49124165275459,-20.3125029793514,"RIO MORA NEAR TERRERO, NM","8377900","USA","NM",35.77,-105.65,"NA1983"
"229",102389,1343.885,696.526,1083.02966666667,18.9123287671233,-647.359,-34.2294705200637,-48.1707140119876,"LIMPIA CREEK ABOVE FT DAVIS, TX","8431700","USA","TX",30.61,-104,"NA1983"
"230",102390,3113.881,2146.939,2863.03537647059,22.6356164383562,-966.942,-42.7177233115468,-31.0526317479698,"PECOS RIVER NR LANGTRY, TX","8447410","USA","TX",29.8,-101.44,"NA1983"
"231",102391,3605.546,3277.77,3333.49166666667,28.6109589041096,-327.776,-11.4563094896103,-9.09088387722691,"DEVILS R AT PAFFORD CROSSING NR COMSTOCK TX","8449400","USA","TX",29.67,-101,"NA1983"
"232",102394,2130.55,2523.883,2959.98585365854,20.8684931506849,393.333,18.848174478141,18.4615709558564,"RIO GRANDE NR BROWNSVILLE, TX","8475000","USA","TX",25.87,-97.45,"NA1983"
"233",102431,3113.881,2776.271,2575.80431351351,33.5452054794521,-337.61,-10.0643294674943,-10.8420970486669,"COLORADO RIVER NEAR COLORADO-UTAH STATE LINE","9163500","USA","COLORADO",39.12,-109.02,"NA1983"
"234",102434,2949.993,2491.105,2977.98527737226,22.2109589041096,-458.888,-20.6604317256692,-15.5555623352327,"COLORADO RIVER NEAR CISCO UTAH","9180500","USA","UT",38.81,-109.29,"NA1983"
"235",102435,2622.216,2261.661,2730.44596753247,21.6739726027397,-360.555,-16.6353905953735,-13.7500114407051,"GREEN RIVER NEAR LA BARGE, WY","9209400","USA","WY",42.19,-110.16,"NA1983"
"236",102441,3441.658,3326.936,3348.59695104895,22.6493150684932,-114.722,-5.06514213136566,-3.33333527038421,"GREEN RIVER AT GREEN RIVER, UTAH","9315000","USA","UT",38.98,-110.15,"NA1983"
"237",102442,606.387,262.222,522.257994871795,32.4712328767123,-344.165,-10.5990739959501,-56.7566587014563,"VALLECITO CREEK NEAR BAYFIELD, CO.","9352900","USA","CO",37.47,-107.54,"NA1983"
"238",102443,3441.658,2032.217,2757.12176842105,20.6712328767123,-1409.441,-68.1836931742876,-40.952383996318,"ANIMAS RIVER AT FARMINGTON, NM","9364500","USA","NM",36.72,-108.2,"NA1983"
"239",102444,2458.327,1606.107,2267.2967312253,21.5013698630137,-852.22,-39.6356141692151,-34.6666655819181,"SAN JUAN RIVER AT SHIPROCK, NM","9368000","USA","NM",36.79,-108.73,"NA1983"
"240",102445,2786.104,2687.771,2748.58588429752,22.7260273972603,-98.3329999999996,-4.32688908981312,-3.52940880885996,"SAN JUAN RIVER NEAR BLUFF, UTAH","9379500","USA","UT",37.14,-109.86,"NA1983"
"241",102446,2458.327,2605.827,2657.81905517241,22.7095890410959,147.5,6.49505368560743,6.00001545766694,"COLORADO R AT LEES FERRY, AZ.","9380000","USA","AZ",36.86,-111.58,"NA1983"
"242",102447,3113.881,3179.437,2666.46556666667,20.8575342465753,65.556,3.14303691054775,2.10528276449871,"LITTLE COLORADO R AT CAMERON ARIZ.","9401200","USA","AZ",35.87,-111.41,"NA1983"
"243",102448,5899.985,5473.875,5054.52569375,22.5945205479452,-426.11,-18.8589972111071,-7.22222175141123,"VIRGIN RIVER AT LITTLEFIELD, ARIZ.","9415000","USA","AZ",36.89,-113.92,"NA1983"
"244",102450,7538.87,5932.763,6813.85871428571,20.1369863013699,-1606.107,-79.7590551020408,-21.3043466726446,"MUDDY R AB LAKE MEAD NR OVERTON, NV.","9419515","USA","NV",36.52,-114.41,"NA1983"
"245",102452,2622.216,2556.66,2618.58769465649,22.7123287671233,-65.556,-2.88636188178529,-2.50002288141023,"COLORADO RIVER BLW HOOVER DAM,ARIZ-NEV","9421500","USA","NV",36.01,-114.73,"NA1983"
"246",102454,3605.546,4474.155,4332.65746478873,20.7342465753425,868.609,41.8924795190275,24.0909143857823,"BILL WILLIAMS R NR PLANET, ARIZ.","9426600","USA","AZ",34.26,-114.02,"NA1983"
"247",102455,2949.993,3031.937,2946.51919267823,19.5780821917808,81.944,4.18549678141617,2.7777693031814,"COLORADO RIVER ABOVE IMPERIAL DAM, CA-AZ.","9429490","USA","CA",32.88,-114.46,"NA1983"
"248",102456,721.109,0,702.399902654867,27.1369863013699,-721.109,-26.572921251893,-100,"MOGOLLON CREEK NEAR CLIFF, NM","9430600","USA","NM",33.16,-108.64,"NA1983"
"249",102457,1966.662,1606.107,2368.63153378378,21.4904109589041,-360.555,-16.7774827893932,-18.3333485876068,"GILA RIVER NEAR REDROCK, NM","9431500","USA","NM",32.72,-108.67,"NA1983"
"250",102458,4588.877,5014.987,4419.73813592233,19.5123287671233,426.11,21.8379879247402,9.28571413005839,"GILA RIVER AT CALVA, ARIZ.","9466500","USA","AZ",33.18,-110.21,"NA1983"
"251",102459,2458.327,1163.608,3854.29797260274,26.8767123287671,-1294.719,-48.1725214067278,-52.666671276848,"SAN PEDRO RIVER AT CHARLESTON, AZ.","9471000","USA","ARIZONA",31.62,-110.17,"NA1983"
"252",102462,4097.212,1679.857,3464.44018811881,25.1671232876712,-2417.355,-96.0520983017636,-58.9999980474528,"GILA RIVER AT KELVIN, AZ.","9474000","USA","ARIZONA",33.1,-110.97,"NA1983"
"253",102466,3769.435,1393.052,2761.25539664804,22.2438356164384,-2376.383,-106.833328611898,-63.0434799910331,"SALT RIVER NEAR ROOSEVELT, AZ","9498500","USA","ARIZONA",33.61,-110.92,"NA1983"
"254",102467,2458.327,2163.328,2466.95290526316,19.5397260273973,-294.999,-15.0973969433539,-11.999990237263,"SALT R BL STEWART MOUNTAIN D ARIZ","9502000","USA","AZ",33.55,-111.57,"NA1983"
"255",102470,1966.662,3113.881,2258.83538793103,26.9424657534247,1147.219,42.580326926988,58.3333079095442,"WET BOTTOM CREEK NR CHILDS, ARIZ.","9508300","USA","AZ",34.16,-111.69,"NA1983"
"256",102472,2458.327,2474.716,3571.23721495327,19.6219178082192,16.3889999999997,0.835239458251868,0.666672903970858,"VERDE R BL BARTLETT D ARIZ","9510000","USA","AZ",33.8,-111.65,"NA1983"
"257",102478,5572.208,4015.268,4682.24101935484,21.558904109589,-1556.94,-72.2179565383149,-27.9411680253142,"GILA R AB DIVERSIONS AT GILLESPIE DAM","9518000","USA","AZ",33.22,-112.76,"NA1983"
"258",102479,3441.658,5014.987,4031.28414772727,21.172602739726,1573.329,74.3096642080745,45.7142749221451,"GILA RIVER NEAR DOME, AZ.","9520500","USA","AZ",32.76,-114.41,"NA1983"
"259",102481,3277.77,3392.492,3245.55611876076,22.6301369863014,114.722,5.06943462469735,3.50000152542736,"COLORADO R AT NIB AB MORELOS DAM NR ANDRADE, CA.","9522000","USA","AZ",32.71,-114.71,"NA1983"
"260",102490,4261.1,3310.547,4232.19846621622,28.5808219178082,-950.553,-33.2584207246933,-22.3076905024524,"BEAR RIVER AT BORDER, WY","10039500","USA","IDAHO",42.21,-111.05,"NA1983"
"261",102501,6063.874,5391.931,5496.65098529412,27.1150684931507,-671.943,-24.7811655046984,-11.0810844684438,"BEAR RIVER NEAR CORINNE, UT","10126000","USA","UTAH",41.57,-112.09,"NA1983"
"262",102505,3441.658,4375.823,4186.24998507463,26.1698630136986,934.165,35.6962128350084,27.1428770668091,"WEBER RIVER NEAR PLAIN CITY, UT","10141000","USA","UTAH",41.27,-112.09,"NA1983"
"263",102508,4916.655,4736.377,4648.69260512821,30.6438356164384,-180.277999999999,-5.88301028162716,-3.66667988703701,"JORDAN RIVER @ 1700 SOUTH @ SALT LAKE CITY, UT","10171000","USA","UTAH",40.73,-111.92,"NA1983"
"264",102509,5408.32,4392.211,4471.34689219331,41.9452054794521,-1016.109,-24.2246757021554,-18.7878860718301,"RED BUTTE CREEK AT FORT DOUGLAS, NEAR SLC, UT","10172200","USA","UTAH",40.77,-111.8,"NA1983"
"265",102510,7866.647,4719.988,5422.46189516129,21.3123287671233,-3146.659,-147.645010284098,-40.0000025423792,"SEVIER RIVER NEAR LYNNDYL, UTAH","10224000","USA","UT",39.48,-112.39,"NA1983"
"266",102512,3113.881,3015.548,3191.57651851852,27.4575342465753,-98.3330000000001,-3.58127569347436,-3.15789203248294,"STEPTOE CR NR ELY NV","10244950","USA","NV",39.2,-114.68,"NA1983"
"267",102513,1212.775,950.553,1056.23305172414,27.8027397260274,-262.222,-9.43151655498621,-21.6216528210097,"SOUTH TWIN R NR ROUND MOUNTAIN NV","10249300","USA","NV",38.88,-117.24,"NA1983"
"268",102515,3769.435,3998.879,4288.60038983051,19.0630136986301,229.444,12.0360822075309,6.08695998206628,"ALAMO R AT DROP 3 NR CALIPATRIA CA","10254670","USA","CA",33.1,-115.39,"NA1983"
"269",102519,3769.435,1999.439,2963.13199137931,21.4739726027397,-1769.996,-82.4251773411585,-46.9565332735543,"WALKER R NR WABUSKA, NV","10301500","USA","NV",39.15,-119.09,"NA1983"
"270",102529,3769.435,3015.548,3774.153,15.1260273972603,-753.887,-49.8403830827749,-20,"HUMBOLDT R NR CARLIN, NV","10321000","USA","NV",40.72,-116,"NA1983"
"271",102532,622.776,934.164,1076.20103921569,27.2684931506849,311.388,11.419332864463,50,"SAGEHEN C NR TRUCKEE CA","10343500","USA","CA",39.43,-120.23,"NA1983"
"272",102533,852.22,688.332,837.417306451613,22.1780821917808,-163.888,-7.38963804817789,-19.2307150735726,"TRUCKEE R AT FARAD, CA","10346000","USA","CALIFORNIA",39.42,-120.03,"NA1983"
"273",102543,1196.386,983.331,1759.06973148148,21.3479452054795,-213.055,-9.98011742813141,-17.8082157430796,"TRUCKEE R NR NIXON, NV","10351700","USA","NV",39.77,-119.33,"NA1983"
"274",102547,1130.831,1786.385,1392.05881818182,20.5178082191781,655.554,31.9504887167846,57.9709965503245,"SUSAN R AT SUSANVILLE CALIF","10356500","USA","CA",40.41,-120.67,"NA1983"
"275",102573,2458.327,8800.812,7204.34476470588,19.6383561643836,6342.485,322.96414969308,258.000054508615,"PAJARO R A CHITTENDEN CA","11159000","USA","CA",36.9,-121.59,"NA1983"
"276",102574,999.72,999.72,988.273603174603,18.9671232876712,0,0,0,"KERN R A KERNVILLE CA","11187000","USA","CA",35.75,-118.42,"NA1983"
"277",102602,327.777,344.166,391.760849315068,21.6356164383562,16.389,0.757500949727745,5.00004576282046,"MOKELUMNE R A WOODBRIDGE CA","11325500","USA","CALIFORNIA",38.15,-121.3,"NA1983"
"278",102624,1393.052,4359.434,2614.86897701149,20.6109589041096,2966.382,143.922561478134,212.941225453178,"NAPA R NR NAPA CA","11458000","USA","CA",38.36,-122.3,"NA1983"
"279",102625,1458.607,1933.884,2143.82519,21.8356164383562,475.277,21.7661361355082,32.584308178968,"RUSSIAN R NR GUERNEVILLE CA","11467000","USA","CA",38.5,-122.92,"NA1983"
"280",102626,803.054,1294.719,1052.06237984496,27.6109589041096,491.665,17.8068788450089,61.2244008497561,"ELDER C NR BRANSCOMB CA","11475560","USA","CA",39.72,-123.64,"NA1983"
"281",102627,950.553,2523.883,1728.0329010989,22.6876712328767,1573.33,69.3473553918609,165.517335698272,"EEL R A SCOTIA CA","11477000","USA","CA",40.49,-124.09,"NA1983"
"282",102628,606.387,573.61,595.909409836066,28.2027397260274,-32.7769999999999,-1.16219205362347,-5.40529397892764,"CRATER LAKE NEAR CRATER LAKE,OREG.","11492200","USA","OR",42.97,-122.07,"NA1983"
"283",102629,966.942,1606.107,1398.6242,22.7068493150685,639.165,28.1485551399614,66.1016896566702,"KLAMATH R NR KLAMATH CA","11530500","USA","CA",41.51,-123.99,"NA1983"
"284",102630,704.72,1425.83,1055.07071698113,20.6931506849315,721.11,34.8477624784854,102.325746395732,"SMITH R NR CRESCENT CITY CA","11532500","USA","CA",41.79,-124.07,"NA1983"
"285",102632,704.72,901.387,552.480289256198,19.7917808219178,196.667,9.93680163344407,27.9071120444999,"CHEHALIS RIVER AT PORTER, WASH.","12031000","USA","WA",46.93,-123.31,"NA1983"
"286",102635,737.498,721.109,529.125685714286,20.9643835616438,-16.389,-0.781754443282802,-2.22224331455814,"NORTH FORK QUINAULT R NEAR AMANDA PARK, WASH.","12039300","USA","WA",47.59,-123.62,"NA1983"
"287",102636,278.61,491.665,403.165657142857,15.6876712328767,213.055,13.5810469786937,76.4706938013711,"QUEETS RIVER NEAR CLEARWATER, WASH.","12040500","USA","WA",47.53,-124.31,"NA1983"
"288",102637,753.887,721.109,675.344245283019,19.5041095890411,-32.7779999999999,-1.68056890012642,-4.3478664574399,"ELWHA RIVER AT MCDONALD BR NR PRT ANGELES, WASH.","12045500","USA","WA",48.05,-123.58,"NA1983"
"289",102650,721.109,557.221,457.673777777778,19.6109589041096,-163.888,-8.35696004470523,-22.7272159964721,"PUYALLUP RIVER AT PUYALLUP, WASH.","12101500","USA","WA",47.21,-122.34,"NA1983"
"290",102703,2786.104,2654.993,2508.18623943662,18.813698630137,-131.111,-6.9689114606087,-4.7058903759515,"FLATHEAD RIVER AT FLATHEAD, BRITISH COLUMBIA","12355000","USA","BC",49,-114.47,"NA1983"
"291",102709,1311.108,852.22,1197.99549107143,22.7424657534247,-458.888,-20.1775834236839,-35.0000152542735,"COLUMBIA RIVER AT NORTHPORT, WASH.","12400520","USA","WA",48.92,-117.77,"NA1983"
"292",102724,786.665,803.054,645.72064,28.8684931506849,16.389,0.567712346967828,2.0833518715082,"HAYDEN CR BLW N FORK NR HAYDEN LAKE ID","12416000","USA","ID",47.82,-116.65,"NA1983"
"293",102736,524.443,557.221,470.654038461538,23.6986301369863,32.778,1.38311791907515,6.25005958702853,"ANDREWS CR NR MAZAMA WA","12447390","USA","WA",48.82,-120.14,"NA1983"
"294",102758,1016.109,1114.442,1163.41983908046,20.9260273972603,98.333,4.6990763288819,9.67740665617566,"COLUMBIA R AT VERNITA BR NR PRIEST RAPIDS DAM,WA","12472900","USA","WA",46.64,-119.73,"NA1983"
"295",102806,1556.941,2032.217,1944.43672137405,33.6164383561644,475.276,14.1382021189894,30.526269139293,"YAKIMA RIVER AT KIONA, WA","12510500","USA","WASHINGTON",46.25,-119.47,"NA1983"
"296",102812,2622.216,3113.881,3356.0077839196,30.0904109589041,491.665,16.3395907311299,18.7499809321581,"CACHE CREEK NEAR JACKSON, WYO.","13018300","USA","WY",43.45,-110.7,"NA1983"
"297",102816,2622.216,2507.494,2839.04162831858,24.4904109589041,-114.722,-4.68436402282133,-4.37500190678418,"SNAKE RIVER NR HEISE ID","13037500","USA","IDAHO",43.61,-111.65,"NA1983"
"298",102886,950.553,1147.219,975.75323655914,28.4958904109589,196.666,6.90155658109797,20.6896406618042,"BIG JACKS CR NR BRUNEAU ID","13169500","USA","ID",42.78,-115.98,"NA1983"
"299",102888,4261.1,2949.993,3379.71124770642,20.4246575342466,-1311.107,-64.1923615023474,-30.7692145220718,"BOISE RIVER NR PARMA ID","13213000","USA","ID",43.78,-116.97,"NA1983"
"300",102889,2458.327,3277.77,2856.34210204082,18.9095890410959,819.443,43.3347862938279,33.3333604520473,"SNAKE RIVER AT NYSSA OR","13213100","USA","OR",43.87,-116.98,"NA1983"
"301",102890,2949.993,2949.993,2601.05546835443,20.6602739726027,0,0,0,"SNAKE RIVER AT WEISER ID","13269000","USA","ID",44.24,-116.98,"NA1983"
"302",102893,491.665,458.888,491.539392307692,29.6712328767123,-32.777,-1.10467266851339,-6.6665310729867,"MINAM RIVER AT MINAM,OREG.","13331500","USA","OR",45.61,-117.72,"NA1983"
"303",102894,491.665,327.777,351.471638554217,22.4904109589041,-163.888,-7.28701668899988,-33.3332655364934,"CLEARWATER RIVER AT SPALDING, ID","13342500","USA","ID",46.44,-116.82,"NA1983"
"304",102912,1966.662,1098.053,1599.67407476636,22.6465753424658,-868.609,-38.3549824582628,-44.1666641242877,"SNAKE RIVER AT BURBANK, WASH.","13353200","USA","WA",46.21,-119.02,"NA1983"
"305",102913,3441.658,2196.106,2046.85785333333,19.7945205479452,-1245.552,-62.9240802768166,-36.1904640147278,"JOHN DAY R AT MCDONALD FERRY,OREG.","14048000","USA","OR",45.58,-120.4,"NA1983"
"306",102916,1638.885,1343.885,1238.84082857143,21.8054794520548,-295,-13.5287096368891,-18.0000427119658,"COLUMBIA RIVER AT WARRENDALE,OREG.","14128910","USA","OR",45.61,-122.02,"NA1983"
"307",102936,1458.608,1901.106,1523.10713461538,15.2109589041096,442.498,29.0907366714697,30.3370062415673,"FANNO CREEK AT DURHAM, OR","14206950","USA","OREGON",45.4,-122.75,"NA1983"
"308",102937,1294.719,1147.219,869.121072916667,20.9342465753425,-147.5,-7.04587095929852,-11.392433416054,"TUALATIN RIVER AT WEST LINN, OR","14207500","USA","OREGON",45.35,-122.67,"NA1983"
"309",102940,491.665,578.526,487.203733840304,32.9205479452055,86.8609999999999,2.63850407789614,17.6667039549286,"WILLAMETTE RIVER AT PORTLAND, OR","14211720","USA","OREGON",45.51,-122.66,"NA1983"
"310",102944,589.999,475.277,386.148246575342,18.7917808219178,-114.722,-6.10490304709141,-19.4444397363385,"NEHALEM RIVER NEAR FOSS, OREG.","14301000","USA","OR",45.7,-123.75,"NA1983"
"311",102947,770.276,868.609,905.138355421687,22.5369863013699,98.3330000000001,4.36318319961099,12.7659436357877,"S. UMPQUA RIVER NR ROSEBURG OR, OR","14312260","USA","OR",43.22,-123.41,"NA1983"
"312",102951,1360.274,704.72,1002.99746,18.3671232876712,-655.554,-35.6917079355608,-48.1927905701351,"STIKINE R NR WRANGELL AK","15024800","USA","AK",56.7,-132.13,"NA1983"
"313",102987,2622.216,1442.219,2019.06294736842,22.2246575342466,-1179.997,-53.094046474359,-44.9999923728633,"TANANA R AT NENANA AK","15515500","USA","AK",64.56,-149.09,"NA1983"
"314",102993,622.776,770.276,926.056157894737,22.2219178082192,147.5,6.63759092590309,23.6842781353167,"WAIMEA RIVER NR WAIMEA, KAUAI, HI","16031000","USA","HI",21.98,-159.66,"NA1983"
"315",102998,1360.274,983.331,1000.62395862069,28.2904109589041,-376.943,-13.3240552973078,-27.7108141447973,"WAIKELE STR AT WAIPAHU, OAHU, HI","16213000","USA","HAWAII",21.38,-158.01,"NA1983"
"316",103018,196.666,262.222,383.948443548387,23.9698630136986,65.556,2.73493427820322,33.3336723175333,"HONOLII STREAM NR PAPAIKOU","16717000","USA","HI",19.76,-155.15,"NA1983"
"317",110135,3097.599,2556.748,2909.86568181818,20,-540.851,-27.04255,-17.4603297586292,"OLDMAN RIVER ABOVE LETHBRIDGE AT HWY 3","AB05AD0010","Canada","AB",49.7,-112.87,"NA1983"
"318",110136,3130.378,2589.527,2942.98314876033,20,-540.851,-27.04255,-17.2774981168408,"OLDMAN RIVER AT HWY 36 BRIDGE NORTH OF TABER","AB05AG0010","Canada","AB",49.96,-112.08,"NA1983"
"319",110138,2638.695,2687.864,2498.07019753086,20.0164383561644,49.1689999999999,2.45643101560361,1.86338322542014,"BOW RIVER AT COCHRANE","AB05BH0010","Canada","AB",51.17,-114.46,"NA1983"
"320",110139,2900.926,3540.113,3125.70872093023,18.8958904109589,639.187,33.8267732347397,22.0338953837499,"ELBOW RIVER AT 9TH AVE BRIDGE","AB05BJ0450","Canada","AB",51.04,-114.04,"NA1983"
"321",110140,2638.695,2671.474,2699.05968312757,20.0164383561644,32.779,1.63760402408979,1.24224285110632,"BOW RIVER BELOW CARSELAND DAM","AB05BM0010","Canada","AB",50.83,-113.41,"NA1983"
"322",110141,2540.359,2573.138,2700.43298496241,19.8520547945205,32.779,1.65116409053271,1.29032943768971,"BOW RIVER AT CLUNY","AB05BM0590","Canada","AB",50.77,-112.84,"NA1983"
"323",110142,2720.643,2409.244,2670.59013692946,19.9452054794521,-311.399,-15.6127245879121,-11.4457868967005,"BOW RIVER NEAR RONALANE BRIDGE","AB05BN0010","Canada","AB",50.04,-111.59,"NA1983"
"324",110143,4130.132,4244.858,3479.03745714286,19.9780821917808,114.726000000001,5.7425932528799,2.77778046803348,"RED DEER RIVER AT HWY 2 BRIDGE - ABOVE RED DEER","AB05CC0010","Canada","AB",52.26,-113.86,"NA1983"
"325",110145,4097.353,3327.051,3456.55399590164,19.9780821917808,-770.302,-38.5573546352167,-18.7999911162158,"RED DEER RIVER AT MORRIN BRIDGE - CENTRE","AB05CE0010","Canada","AB",51.65,-112.9,"NA1983"
"326",110147,2589.527,2671.474,2577.1370861244,20.0767123287671,81.9470000000001,4.08169418668123,3.1645547623176,"NORTH SASKATCHEWAN RIVER AT DEVON","AB05DF0010","Canada","AB",53.36,-113.75,"NA1983"
"327",110148,2802.59,2704.253,2618.94816585366,20.0849315068493,-98.337,-4.89605851861956,-3.50879008345852,"NORTH SASKATCHEWAN RIVER AT PAKAN BRIDGE","AB05EC0010","Canada","AB",53.99,-112.47,"NA1983"
"328",110149,3359.83,5293.78,6355.33060655738,17.8958904109589,1933.95,108.066710042866,57.560948024156,"BATTLE RIVER APPROX 2 KM D/S HWY 53","AB05FA0060","Canada","AB",52.65,-113.67,"NA1983"
"329",110150,3408.998,4326.805,6398.58790163934,17.8958904109589,917.807,51.2859086037967,26.9230724101334,"BATTLE RIVER AT NORTH END OF DRIEDMEAT LAKE","AB05FA0340","Canada","AB",52.93,-112.84,"NA1983"
"330",110153,3359.83,3408.998,2701.22307563025,20.0986301369863,49.1680000000001,2.4463358778626,1.46340737477789,"ATHABASCA RIVER AT TOWN OF ATHABASCA","AB07BE0010","Canada","AB",54.72,-113.28,"NA1983"
"331",110154,2376.465,3605.671,2724.035625,19.8657534246575,1229.206,61.8756295683354,51.7241364800239,"ATHABASCA RIVER U/S FORT MCMURRAY, 100 M ABOVE THE CONFLUENCE WITH HORSE RIVER - LEFT BANK","AB07CC0030","Canada","AB",56.72,-111.4,"NA1983"
"332",110155,2671.474,2917.315,2336.97032195122,19.2931506849315,245.841,12.7423977563192,9.20244778725153,"ATHABASCA RIVER AT OLD FORT - RIGHT BANK","AB07DD0010","Canada","AB",58.38,-111.51,"NA1983"
"333",110158,3206.86166666667,3425.387,2967.15793037975,18.0493150684932,218.525333333333,12.1071260878365,6.81430495131014,"WAPITI RIVER AT HWY #40 BRIDGE - CENTRE - KM 44","AB07GE0020","Canada","AB",55.07,-118.8,"NA1983"
"334",110159,3589.281,3687.618,2862.84472689076,20.0767123287671,98.337,4.89806290938865,2.73974091189851,"SMOKY RIVER AT WATINO","AB07GJ0010","Canada","AB",55.71,-117.62,"NA1983"
"335",110160,3572.892,3785.954,3084.40495597484,18.0438356164384,213.062,11.8080215608867,5.96329248127288,"WAPITI RIVER ABOVE CONFLUENCE WITH SMOKY RIVER - CENTRE - KM 0.5","AB07GJ0030","Canada","AB",55.13,-118.3,"NA1983"
"336",110161,1770.057,1770.057,1907.9809178744,18.8493150684932,0,0,0,"PEACE RIVER AT FORT VERMILION - CENTRE","AB07HF0010","Canada","AB",58.4,-116.12,"NA1983"
"337",110162,6195.198,2491.191,3813.86058108108,20.172602739726,-3704.007,-183.615721173435,-59.7883554327077,"MILK RIVER AT HWY 880","AB11AA0070","Canada","AB",49.14,-111.31,"NA1983"
"338",300001,2100,3820,2963.5447761194,22.5013698630137,1720,76.4397905759162,81.9047619047619,"EBRO EN MIRANDA","001","Spain","",42.69,-2.95,"WGS1984"
"339",300008,4200,3300,3981.39607843137,21.4465753424658,-900,-41.9647419519673,-21.4285714285714,"EBRO EN ZARAGOZA","011","Spain","",41.71,-0.95,"WGS1984"
"340",300020,3400,2940,3295.86854460094,22.5643835616438,-460,-20.3861097620204,-13.5294117647059,"EBRO EN TORTOSA","027","Spain","",40.81,0.51,"WGS1984"
"341",300058,3450,3500,3537.22846441948,22.4958904109589,50,2.22262818170747,1.44927536231884,"EBRO EN PIGNATELLI","162","Spain","",42.02,-1.56,"WGS1984"
"342",300059,3400,3100,3206.42264150943,22.5643835616438,-300,-13.2952889752307,-8.82352941176471,"EBRO EN ASCO","163","Spain","",41.18,0.57,"WGS1984"
"343",301667,2508.197,2786.885,2818.66935638298,25.986301369863,278.688,10.7244196099104,11.111088961513,"Brcke Frweiler-Schwerdorf","1513","Germany","",49.37,6.58,"WGS1984"
"344",301672,3065.574,4491.803,3640.48852988048,25.9671232876712,1426.229,54.9244128508124,46.5240441104994,"Dorfbach, Bedersdorf uh.","1521","Germany","",49.3,6.63,"WGS1984"
"345",304001,2639.344,1901.639,2212.44261731207,18.9479452054795,-737.705,-38.933245373048,-27.9503164422675,"Boffzen","","Germany","",51.75,9.38,"WGS1984"
"346",313265,3000,2967.213,2829.61634292035,16.4164383561644,-32.7869999999998,-1.99720544058744,-1.09289999999999,"Werra, Gerstungen","","Germany","",5649647.22,4364971.61,"GaussKrger, Zone 4, DHDN"
"347",313382,1500,2901.639,2210.512290625,17.6767123287671,1401.639,79.2929688468692,93.4426,"Saale, Bad Ksen","310010","Germany","",5665580,4480340,"GaussKrger, Zone 4, DHDN"
"348",313383,2000,3606.557,3012.628084375,17.6767123287671,1606.557,90.8855091444513,80.32785,"Saale, Naumburg-Grochlitz","310020","Germany","",5669100,4488360,"GaussKrger, Zone 4, DHDN"
"349",313384,1500,3606.557,3103.54160062893,17.6575342465753,2106.557,119.300745539178,140.437133333333,"Saale, Bad Drrenberg","310030","Germany","",5683840,4504420,"GaussKrger, Zone 4, DHDN"
"350",313386,2000,3606.557,3101.495909375,17.6575342465753,1606.557,90.9842211016292,80.32785,"Saale, Meuschau","310040","Germany","",5691400,4500300,"GaussKrger, Zone 4, DHDN"
"351",313387,2508.197,3606.557,3145.03008860759,17.6575342465753,1098.36,62.2034755624515,43.7908186637652,"Saale, Planena","310060","Germany","",5698050,4496800,"GaussKrger, Zone 4, DHDN"
"352",313388,2508.197,3409.836,2897.16466352201,17.6575342465753,901.639,51.0625655546935,35.9476946986221,"Saale, Halle-Trotha","310070","Germany","",5708450,4496950,"GaussKrger, Zone 4, DHDN"
"353",313389,2508.197,3295.082,2930.24306269592,17.6575342465753,786.885,44.5636966640807,31.372535729849,"Saale, Wettin","310080","Germany","",5716390,4487120,"GaussKrger, Zone 4, DHDN"
"354",313391,2508.197,3508.197,2978.20636928105,17.6575342465753,1000,56.633048875097,39.869276615832,"Saale, Nienburg (oberhalb Bode)","310090","Germany","",5745085,4484591,"GaussKrger, Zone 4, DHDN"
"355",313393,1500,2704.918,1941.58166775244,17.6821917808219,1204.918,68.1430229315153,80.3278666666667,"Weie Elster, Zeitz","310100","Germany","",5657950,4510450,"GaussKrger, Zone 4, DHDN"
"356",313395,2508.197,4196.721,4008.65780625,17.6821917808219,1688.524,95.4929129222187,67.3202304284711,"Unstrut, Freyburg","310140","Germany","",5674980,4483980,"GaussKrger, Zone 4, DHDN"
"357",313396,7000,5295.082,4722.00472139303,17.6794520547945,-1704.918,-96.4350023245002,-24.3559714285714,"Bse Sieben, Wormsleben","310770","Germany","",5708070,4474040,"GaussKrger, Zone 4, DHDN"
"358",410006,430,90,237.21935483871,20.972602739726,-340,-16.2116263879817,-79.0697674418605,"Mengon at Nsimi (outlet)","","Cameroon","",3.16,11.83,"WGS 1984"
"359",601573,3490.164,3442.623,3227.51173333333,15.4767123287671,-47.5410000000002,-3.07177642060543,-1.36214229474604,"Split Rock Dam Stn 1","41910041","Australia","New South Wales",-30.57,150.69,"WGS84"
